agent_id,o_node_id,d_node_id,o_zone_id,d_zone_id,matching_link_from_node_id,matching_link_to_node_id,matching_link_id,node_sequence,geometry,time_sequence
1,-858993460,-858993460,-858993460,-858993460,-1,-1,-1,,
2,-858993460,-858993460,-858993460,-858993460,-1,-1,-1,,
3,-858993460,-858993460,-858993460,-858993460,743,1606,1418,,"LINESTRING (-112.0293721 33.462451, -112.0295272 33.4624265, -112.029672 33.462393, -112.0298175 33.4623521, -112.0299729 33.4622829, -112.0300878 33.4622232, -112.0301792 33.4621602)",
