agent_id,o_node_id,d_node_id,o_zone_id,d_zone_id,matching_link_from_node_id,matching_link_to_node_id,matching_link_id,node_sequence,geometry
1,1519,1519,-858993460,-858993460,1519,1220,2753,1519;,"LINESTRING (-112.030117 33.4444844, -112.0300366 33.4444743)",
2,1518,1220,-858993460,-858993460,1518,1519,2175,1220;1519;1518;,"LINESTRING (-112.030037 33.444474,-112.042339 33.461484,-112.041682 33.461406,-112.041192 33.461347,)"
3,743,759,-858993460,-858993460,743,1606,1418,759;1356;1775;1599;1352;1774;1350;1571;1570;1344;1343;319;621;342;1435;1359;1445;1606;743;,"LINESTRING (-112.042339 33.461484,-112.041682 33.461406,-112.041192 33.461347,-112.042339 33.461484,-112.041682 33.461406,-112.041192 33.461347,-112.042339 33.461484,-112.041682 33.461406,-112.041192 33.461347,-112.042339 33.461484,-112.041682 33.461406,-112.041192 33.461347,-112.035733 33.465794,-112.035502 33.465792,-112.035334 33.465790,-112.035187 33.465788,-112.034807 33.465784,-112.034657 33.465777,-112.034655 33.465612,-112.034654 33.465523,-112.035708 33.465516,-112.035736 33.465492,-112.035757 33.465454,-112.035751 33.465065,-112.035730 33.465037,-112.035693 33.465032,-112.034647 33.465044,-112.034647 33.465004,-112.034602 33.464907,-112.034481 33.464890,-112.034153 33.464892,-112.034040 33.464892,-112.033653 33.464890,-112.033643 33.464015,-112.030450 33.463997,-112.030252 33.463996,-112.042339 33.461484,-112.041682 33.461406,-112.041192 33.461347,-112.042339 33.461484,-112.041682 33.461406,-112.041192 33.461347,-112.042339 33.461484,-112.041682 33.461406,-112.041192 33.461347,-112.042339 33.461484,-112.041682 33.461406,-112.041192 33.461347,)"
